name,latitude,longitude,is_similar
kbyJYJzqEVkEmpc,13.022860036406271,77.6889113638505,0
qbgufTPzZEkxNHV,13.093674816189669,77.70277883001796,0
XWIXkuyDacCmsaE,12.902878648292315,77.63320683133851,0
PWMPzEhgQSIJFtLl,12.864532497107326,77.73143549579069,1
PWMPzEhgQSIJFtL,12.865321165438637,77.7314729992191,1
MHveToenbpcMPeW,13.070456018571468,77.61095504838325,0
WItnvWIntfoiilf,13.002355807337722,77.68354833818422,0
DPjNIjFDGUdRaNP,12.98265490445029,77.59337744207735,0
SMLuzwDVgJxZDJm,13.065281841410734,77.47249963352621,0
vAbbuCYbFLCXICj,12.990463234256683,77.67294947673729,0
rLfczOfLhEoRnGZ,12.909937845030036,77.68557472225271,0
edieHBeImKgBQAJ,12.938959131040832,77.46586954486291,0
GOwLhWmXEfYOmVX,12.901291142437978,77.67374439217214,0
orOQKFbRAoHeqcJ,12.889252276801471,77.59694536804952,0
CdWAxHeYVjKBRoq,13.093738229959008,77.71307803700402,0
lqKiDFBZBTWUez,12.983261295304194,77.67860107706478,1
lqKiDFBZBTWXUez,12.98372612827221,77.67840867602989,1
eNmJDTcGphYUOiL,12.90105404569474,77.72835216668719,0
sjislLxiXZmXLXrA,12.873688787580445,77.50616775642054,1
sjislLxiXZmXLXr,12.874079493237168,77.50552922468972,1
PMiOQVrAkdXaIku,12.999143465806814,77.6242709621707,0
tnbuHQPEFCTHbM,12.990843895648302,77.5440597112632,1
KtnbuHQPEFCTHbM,12.99117668224228,77.54470053564766,1
XLAftyVglwWYsGW,12.91219248439651,77.73902379020363,0
rZxvAzqBqmxjOvp,13.082419121567929,77.49799200257667,0
zQDGraifUKPvJXrh,12.912486140806315,77.7199094108049,1
zQDGraifUKPvJXr,12.912090285613802,77.72061060421989,1
nDUUMkFmhvWSeKA,12.999385526105842,77.52447072691433,0
pTSAacswfCkLTrH,12.878808961138802,77.59037237914158,0
LnDIkeWZGiDzBbG,12.951539591047544,77.47294796577847,0
ChJfRzoluYXLLJA,12.8882750559302,77.6045936367366,0
SwTyWHAtgBNNwyO,12.983947369705833,77.65270791483387,0
kpkmIKHoUVIufgD,12.988933299672844,77.6135886686879,0
IcpEXtdzmmRLCWr,12.878666224798664,77.58388550743625,0
AjpQlKTWzTIbhZR,12.995080173448487,77.65264226480396,0
fsJxXgslhutMiTc,12.89721099801046,77.54057680717833,0
KdyidcbCRDnYnmN,12.87863062732313,77.61571364347697,0
QFXbeahTXokzxXE,12.865956458252535,77.7382320646334,0
IcDAjGOxTMfSHPF,13.009243799656282,77.47278516130243,0
TVAaGCcKLfPKBSc,13.038364959722797,77.65188765834407,0
ZqYiEiXtnNdnMQd,12.890396541175786,77.51178720489396,0
skziWqCsJpYkKUr,13.05053951541846,77.5644645133722,0
EzXfmMXrcmOPODa,13.094561099592813,77.70123553132788,0
osLsWAOQUdGDZYQ,12.996804308584515,77.67688770773503,0
xaxGBTpqceCpeQo,13.082417744951508,77.48956202410079,0
vowfjrCAhFjsuFU,13.094635211576126,77.67534984195395,0
sTPYKDcRDklHquz,13.060097162171068,77.5292802194977,0
hERpHEmvMnatBqq,12.957686677642144,77.44905194090286,0
lwzJQhDNjFeZaGu,13.0839943020055,77.64385892644782,0
ZtGYasvPbFraLKt,12.941266632251436,77.45607967243131,0
scHiTOxyvnkkeoK,13.079364414475078,77.54146125669205,0
kDCpRTCvAAxSHki,12.920466687436784,77.46194735287851,0
IiUaIKLepwZKsK,12.910422441231065,77.59244420713948,1
IiUaIKLepwZlKsK,12.91128729120406,77.59196143907485,1
YThcnZeITZSBWti,13.061704191299947,77.46981109255367,0
UGMWtjvSRqgJVnG,13.017528953796576,77.62423507924213,0
OUidkjxBLedTuHH,13.041627852440817,77.72598449428236,0
izdTHTBEbYaEgOX,13.033651630319612,77.71765686327974,0
PUEPIdrCLOanVoe,12.99804690574572,77.62951874620994,0
AHzXGncOYekvbc,12.906721488679834,77.703402737544,1
AHzXGncOYekMvbc,12.905894120524152,77.70314403967068,1
wUimqZxiywwEpgW,12.870097156197234,77.561422159409,0
WmrWTJjSeoDNKrY,13.052554034724048,77.72506751778647,0
PSKniQjkACaYDAF,12.854642265109044,77.5179598672417,0
ldVvnlZYRRQIARe,13.00623614473353,77.64876609500438,0
zXFOuQMpUCQNvwN,13.001475807423242,77.55459404363185,0
cfCcavzCtxehzgB,13.016351065442011,77.71404579925819,0
bYYGjWYrhFUbeMw,13.09147894409711,77.64326136511889,0
RDRnTMfmYfSiWLa,12.873426272892434,77.5921946937887,0
DkRreiaFouYeugQi,13.028659386729384,77.50803626398752,1
DkRreiaFouYeugQ,13.028495876891585,77.50866651128297,1
UhTpjPyNxMNPLTu,12.964336643381412,77.61389928547896,0
ZMBcVAKMKMvEWGe,13.080471963574963,77.54533922401212,0
FJPspVZZjtCpGhD,12.963957957891685,77.5837200103863,0
VVYyShvmxawkABS,12.99987048203448,77.55501223440146,0
FtLcazuLGZorHIp,12.904325943557756,77.56540885997418,0
QXhfUHXfnEuMLzK,12.869157461734234,77.55454982733838,0
MOevNigvbIPFlIw,12.905168032394233,77.5355798459731,0
yedOHCLujmIAmrw,12.875896286236395,77.53438207632158,0
yEBaScGavnPNhaO,12.98390380633271,77.67301245978192,0
gbxCPStfxHtqGPj,12.890110831870947,77.69536264026017,0
xUkXBAtfaYztalY,12.866617755019345,77.70629123406499,0
LkdKFkvwYOizHhG,13.07524687410115,77.67856557014484,0
aXvBGKUTNkPDxiFC,12.980733152028042,77.52556090482467,1
aXvBGKUTNkPDxiF,12.981675576082754,77.52547079308427,1
SdxKQfPDkfXEQK,12.9300119012902,77.64535691047556,1
SGdxKQfPDkfXEQK,12.929778624282552,77.64581473048007,1
rkWeIcJsMGhJvVj,12.909851255891247,77.58992158916205,0
faGJXWFYNHSPmtc,12.929430321928512,77.50693086836928,0
QZWPyfoWhsGVegx,12.961521794123197,77.57741532769106,0
gimvnlEtvGcieTP,12.858558717824383,77.5109453535563,0
kUeXLNDvRBgMgJ,12.902685707150813,77.46886736718902,1
kUeXLNDkvRBgMgJ,12.903632180722267,77.46820673983098,1
zMnIJyjWeDzIiFN,12.921842339897498,77.6929273744465,0
JJppBmEBESHHEKM,12.97348295810113,77.60259963365255,0
iLozbVApJSXmlET,12.886193657931258,77.73511735093368,0
qRkXfDsDXmkPhiV,13.064702966701422,77.49609751621796,0
djfMAJHQMwctzlr,12.865977089105556,77.71936637402595,0
aTVCnxWtroJHYze,12.908993466406608,77.56406845773755,0
KUDVyRreQFprfGM,13.052556859213947,77.49718136259126,0
oghZJueuCoOVFFb,12.885114665739929,77.52955419628107,0
qwyZbldyIiMwAtX,13.095235978047375,77.70128319630311,0
mdwjLVCzawRJRbF,12.988970331127083,77.66838578721922,0
ubwcOdJpSzYjTsq,12.955737528819505,77.61363584129509,0
tjMQLReAgmwYMHS,13.062249102271164,77.51225826728168,0
WVmetzSiurfiAUL,12.912561157517365,77.45269410198722,0
ozDTqvwhYQBROfD,13.05794786650627,77.49674734038459,0
kevkYpwoeByGkFr,12.942994116993807,77.54395972660689,0
dMUDcoSkcZbFKdV,12.876977716210854,77.65820070784042,0
kAbqVgEBpxFnneeo,12.9609750742182,77.57004911513958,1
kAbqVgEBpxFnnee,12.961413207268308,77.5701986714893,1
lTtlymCLWsWZWsVq,12.87696321330928,77.73722144896529,1
lTtlymCLWsWZWsV,12.876734974137625,77.73676928056967,1
iBRAngLgCvBRSdG,13.02433907672632,77.56113473638331,0
OQwFZvRDfaPmST,13.023596018993656,77.61059258513713,1
OQwFZvRDfaXPmST,13.022952201172007,77.61072905674307,1
phXvLqAWrLDZhtd,12.882688890768325,77.66603175839333,0
UHFkwweTReUSDKq,12.985068405516786,77.644001918419,0
NibgfyKYxNWbeKLg,12.913284860683058,77.64198736990933,1
NibgfyKYxNWbeKL,12.913891870741413,77.64292343726254,1
qJppelDtodtuwlS,13.065421730944058,77.69673169859486,0
oUvkVqDnWziwqkHa,12.860315387151598,77.7143775743037,1
oUvkVqDnWziwqkH,12.85951774445022,77.71387691147562,1
gJCMWixYCxiCsRi,12.890606168163076,77.45334686478998,0
AFqPgmEocwIFzLt,13.020305562227255,77.5442600086023,0
ToRGkjGtfriNKrG,13.076336636054206,77.5082574295252,0
uSpRTMsPPxpYrXYN,12.893467960567875,77.46530154187165,1
uSpRTMsPPxpYrXY,12.893056501237504,77.46607831104976,1
FWnMoObNBQumEbF,12.992600358225152,77.62052874789671,0
LXeVIjVTvcHGAuR,13.04168760924579,77.64935554543437,0
VbKDuThUkVhCEke,13.078606164277724,77.7223662971908,0
jpwlGIswRSROHnHt,13.0413161250691,77.55980602980698,1
jpwlGIswRSROHnH,13.041375542186174,77.55885515583745,1
iULvrIPjlCxIbaS,12.887756245970763,77.53659350005746,0
dqBETBbjtnmCjfyH,12.988600480293544,77.57209660370212,1
dqBETBbjtnmCjfy,12.988729396959902,77.5730175491244,1
nLZxHFpewcAGrx,12.863799004993828,77.6445252884224,1
nLZxHFpbewcAGrx,12.863857839760296,77.64525981346615,1
uvzKVBQcyXHtZVW,13.072817905036429,77.69625070264614,0
QzpbfuMOwCwbYwA,12.9240467148676,77.53196518120795,0
SHOpYBxDzUqDXVC,12.993881315442666,77.490472819496,0
ppNmjapNRDwzKSG,12.855773228585832,77.4635382285752,0
VDpxVLdUJWsrQRd,13.016537703333771,77.66186593930021,0
NIhGiaebgXkNTXz,12.903448960347603,77.61073602008587,0
vbzvUUZmcsYlSNW,12.996925421274756,77.60442642157506,0
tKPqearmjjeXJKF,12.860435533116888,77.68204501455031,0
tQJDehlAWgvqTVj,12.946383084712975,77.73090426762626,0
YlJipaMJEgYDLGL,12.855660930952936,77.70590251044901,0
sybMQAzuUVMldcW,12.923196081773847,77.73550458655778,0
kNhxxUpqqPJLmeh,12.900088937115903,77.52488980876971,0
DoogkGPglaOVapTC,13.041367049616436,77.68444569296669,1
DoogkGPglaOVapT,13.041282667497551,77.68541158942642,1
AfxToToeaPWvZWPw,13.047106620581305,77.60154707312995,1
AfxToToeaPWvZWP,13.047939981112282,77.60200775302715,1
oktOgZVpMgzkIoQ,13.0435234384504,77.60829812761374,0
dYtwXpiLZZGKyXp,12.918628289352752,77.60075689383656,0
NnvpamKFZgFAymr,12.956031520622656,77.74012492847581,0
epgERAsQdMmYvlWO,13.071556629798,77.47753799223393,1
epgERAsQdMmYvlW,13.071232120777262,77.47760892661283,1
OIuTonvpKemVxgj,13.00589489600269,77.44596756912635,0
cJsgpIDaapwLLzL,12.985372620688407,77.50694461983957,0
QGKQMGFUVAUvHwbi,12.956936676183368,77.70543799380077,1
QGKQMGFUVAUvHwb,12.957702860098651,77.70571513564552,1
xbqFuavSOQEbmvv,12.87397810072609,77.57244539745791,0
jXlmRpRPbcSCigw,12.888716682375655,77.68973237486811,0
zPSWlKdbuVOtkqR,13.01197463582547,77.6634152294553,0
ZxqUVgjukCQVYmT,12.93490366167268,77.72460942191499,0
cNiURThlENYskRGc,12.984760393104564,77.69799223313464,1
cNiURThlENYskRG,12.98379326762034,77.69712205599838,1
DBhEnsjgbbSoIUZY,13.072866889856384,77.46666114456406,1
DBhEnsjgbbSoIUZ,13.072764361338807,77.46578816770143,1
tNKXZupORAhTcLB,13.08963594037944,77.73822510633508,0
XfKIVKiFANgrzFL,12.92785866309319,77.5202284836594,0
eDSyWpjMyyocOyY,12.923348531347644,77.6777859617299,0
mMwvSDnetrjTSDh,12.956780061053566,77.47937813881859,0
kKcvnpZxEITgtWn,13.069205242417286,77.74304771295466,0
jsCAcWwwZaVQJWj,12.996603997740378,77.6732917286815,0
IpIbcehVaYtLLQH,13.036746311770452,77.49266374342837,0
UwyonqUKbSPzXSa,12.917993898622584,77.6033346325464,0
pXiQXYXRSplaDGz,12.90456522566418,77.5269870456673,0
BKDioYovhahsMLe,13.08510125727592,77.45277820218568,0
AxKufLnhldOPnv,12.865343457895348,77.52254096479727,1
AxKufWLnhldOPnv,12.86453358805387,77.52222343546472,1
NdDtvDjHpfaPiyH,12.885317731180356,77.6798333493538,0
zqRqksOVHZNxmRj,12.876307472750092,77.54438747922613,0
pttxSxLaIpzZxHx,13.074674598041211,77.57028659348619,0
KdTDLHVuPULRgFl,12.940810811369593,77.70197591904015,0
WWNOGyYeqfvkmmx,12.860928157946915,77.69970491145052,0
TOKCbBDbOFiAkeE,13.048584050055588,77.46829898047024,0
JIisjtNghRsdZr,13.037340469485128,77.556055789032,1
JKIisjtNghRsdZr,13.038002292899373,77.55518970910002,1
KMXYsjDVZBtjByM,12.964937116743272,77.64424296233474,0
wybMltMlRsyUSZUm,12.99332458298431,77.47070937109535,1
wybMltMlRsyUSZU,12.992645532787025,77.47036482863632,1
eZhnAOaNvkrmaZd,12.97645101507344,77.69596626361553,0
HhAfeqRCcyXQQMC,13.003310588595037,77.71872418395287,0
IUIUrQnxTdPuvgN,12.877380319595192,77.62435024384662,0
NvfVdgksiTNCgpF,12.897589395345712,77.72644443972894,0
LrmrIIpDnzxnKEfZ,13.020006910444373,77.63064690871603,1
LrmrIIpDnzxnKEf,13.019958540069586,77.63117946817779,1
JPDlSIxcnMvREbx,12.993784480687092,77.54732491896804,0
LGohaCXZoyALWDM,12.859828871196928,77.64417158385288,0
hsGOVBKAoXyAoNB,12.854450254586537,77.44794147108246,0
NjBuSQsdLLpocYw,12.91486517147418,77.62069407674497,0
XWyBWdhElXWkSsU,12.97371043441312,77.61435900074176,0
KLbWzaMSxQizCvS,12.866080525723588,77.6778206968997,0
jQWgMYpmzAHYzHe,12.945651780120432,77.48222520338571,0
KxRKKqiAJLYhYMB,12.960093389196809,77.69009933630142,0
xKYRkBITsRosvMx,12.957595206397286,77.65464293501037,0
NRfshQaysaMRWIA,12.864746145717993,77.47818832071141,0
joTFJKovMIUVQtvT,13.02408021173729,77.61917823277334,1
joTFJKovMIUVQtv,13.02313642694156,77.6188856392673,1
kpqhwoqJYWmaitW,13.08573377038932,77.49010419865816,0
UWPAOdWOoDDQLsI,12.941648937359348,77.54177971343692,0
IfCkjzOQKtbPJee,12.862181603204514,77.46421702618314,0
KdTUHUUKLYARyfX,12.992370716821002,77.69933522285154,0
fEvlCaVXFFuAHzk,13.0878617962132,77.55324619759426,0
lLKnbTkIlrLJifE,12.88152577605366,77.46534213158606,0
GVuGPdbPLNDBxgc,13.082620353557733,77.67532087942362,0
UAuIbMnrqHgViZv,12.942065728480124,77.73847981478065,0
ukAcnnNJEQJefQP,13.060270998801476,77.656210474125,0
ArnQxoKYkDZyFatX,13.050048880465722,77.61627522926547,1
ArnQxoKYkDZyFat,13.050933020153586,77.61541489644745,1
ooeqqlxEaLOhdIr,12.955848113423874,77.57710088020065,0
OAAObErlxdVkOet,12.912617786795586,77.64010510097604,0
hefDlnEonRQwJmB,13.088860515192447,77.62559194175351,0
CnRfsPRFUuNJhw,12.926325962044828,77.61283746633481,1
CnRfsPRFUuNJhAw,12.925830489138152,77.61288427596799,1
ryFAGHHkenZGxjN,13.05390596129051,77.68370116303475,0
dtMmdVfCfDeIbiL,12.869230061023067,77.63807033999299,0
jpHAiXjdJjPimTc,12.968524843386168,77.5889061618351,0
AtAdbtgwGLoFlic,12.87193944546078,77.5981432201486,0
NRWiVJWuPOCeZVU,12.980145232405622,77.59174941119585,0
BQpBtdNGIRjYTRUm,12.8561194508244,77.69788928872615,1
BQpBtdNGIRjYTRU,12.856367845397632,77.69812096038447,1
sSoPpXKpdFYXxHF,13.074672612327694,77.45991592136482,0
glFalYEzWEsaqSX,13.02371107013222,77.54687108462714,0
JdJPAWxkuCCAKrx,13.095226718940271,77.7350317576778,0
qNgKGyXMCehfNnW,12.953014246057304,77.54120877680218,0
dzuXQcYlKqAjgZJ,12.920542628513248,77.58031382985547,0
tnEYDnFDJouBjHY,13.091079884468552,77.65082670257753,0
lWndPrbYBwtVjA,12.948789513033107,77.65649654635507,1
lWndPrbYBwtVjAU,12.94874788759558,77.65738603952238,1
EkkrUCSmBLTSTz,12.97266173928224,77.66617967948828,1
EkkrUCSmBLTSTzC,12.97227366105218,77.66638536493184,1
fsQDbbsUZCWicXN,13.05937872081814,77.59086556244421,0
hwqgDBUcZbgmHxzw,12.9838044455549,77.62490628721899,1
hwqgDBUcZbgmHxz,12.98325809316214,77.62456361199615,1
KFAzSYSuqRxBxBz,12.938626021188425,77.5008422388505,0
TadhTexQbIhorfb,12.873641879792304,77.63736943172368,0
pXRWmAVyotyqYtH,13.07641664527941,77.54604293507771,0
UlwrkwvpctzsLBG,13.02933631899468,77.51380417011072,0
RciNFriZVRkMnhL,12.95972503560298,77.6520054314993,0
tSPaHnvEbJJEjru,12.864781175259758,77.51605084206672,0
wdsAMecxiDrAamd,13.026272913134571,77.69457204498492,0
UDwbAQBMeUPfXca,13.01178860958911,77.49533129620495,0
FFPXMGtUqxDXodv,12.943048093294951,77.6117946792802,0
OhHSbmTBeTbmTKz,13.0041429909131,77.57626910736319,0
kcLzdPeCnkqlhlv,12.88916236825773,77.46684160282129,0
kJwjWmAbRrpSeFW,13.049015322648197,77.70099857968026,0
BQyMXKoPTHzzoZm,12.862253188678062,77.69304177577604,0
ExGKmWBmEbrgrzX,12.862223734334902,77.48145978294608,0
acketlKpXhcGiMcw,13.022900912404197,77.72603844658217,1
acketlKpXhcGiMc,13.023813559447447,77.72701595285761,1
yOmcagHtiMsceOH,12.921329814302062,77.65404871111215,0
zsXGztDGTiYIiKk,13.0028379497566,77.67110015790284,0
biSfdxNiyizULhFr,13.014058430176547,77.68870919389487,1
biSfdxNiyizULhF,13.014668107435602,77.68940311761234,1
KqNJrejuJqrVjwan,12.881502467901583,77.651931183901,1
KqNJrejuJqrVjwa,12.88202623318066,77.65240043155025,1
GDVQKUQtzFJBWkY,13.00233717353651,77.71554150170374,0
JwWgwFfCibUbkmx,12.921253237963857,77.65875185329628,0
vKPmBXuxEARXlZg,13.08375499578768,77.73490608622076,0
hGTRCNOMzcyxMag,12.94248034416279,77.6863718447919,0
KmyDmxIapLOKhiW,12.85930043118904,77.62225386336692,0
oPsIbIGTAWgckJf,12.875932506270509,77.68085992283225,0
WWPDDTjjKNMDtap,12.941760278407502,77.54600123669374,0
hiYBsWslVlovoPY,13.035150143983053,77.71643425949962,0
lYSgWGNZnYmBGDF,12.984034930524128,77.63529443607555,0
kqWIMeaoZrwqGW,12.880450079912151,77.71691688742465,1
kqWIdMeaoZrwqGW,12.880257101540009,77.71619509732918,1
IWHcGBYNHUYKZOJ,12.967795840141378,77.46720126913056,0
zhaWaYdsRLmTooJ,12.988959488362129,77.52393824459799,0
hDZCNhmjBxZkXDv,13.047809700233993,77.66422930668637,0
HFdKKRkHUmdOVqw,13.00340552138041,77.62266594427153,0
rGkCicxdHNhBRWc,13.071465324803423,77.44629196576336,0
ccfGqYGPOcwLBwZ,12.911427271292458,77.56110917337057,0
IXkWqTDSNvXiafO,13.094701156635042,77.64107442540937,0
HLuSmtUuvqhoyMY,13.062125588632744,77.50885443333213,0
OdlpurLXUGhiCaS,12.933610264850335,77.6141503404373,0
kLjDePipuNdQYRY,12.866478938467486,77.58657476451842,0
nvdUvfplxjiPYGLK,12.936271323326196,77.55350704824914,1
nvdUvfplxjiPYGL,12.935942067948242,77.55277629852074,1
wyahFihpVcSJdck,12.999274753895047,77.55183662910922,0
jsvMAeBSSLnbfSv,12.88161616722303,77.45850959145827,0
docNiWIhtusveKq,13.09073737309692,77.65700944161512,0
OqJijwWCfiglkf,12.995647938492295,77.72774753400029,1
OqJijwWCfigslkf,12.996545517087128,77.72680079196536,1
hTEBAWYvcKuAvNuA,13.040510542117008,77.44930125130489,1
hTEBAWYvcKuAvNu,13.040691830321908,77.44958029828143,1
XNerJTBBvYyqRNc,12.9024870061424,77.45840395727625,0
PfbzjRwwQMklEiD,12.89796523051202,77.7399753856908,0
CYuBtPCgDJFWZz,12.871993340685457,77.50966818349103,1
CYuBtPCgDJFWZLz,12.87297277725915,77.5092097432339,1
LOgdSCRsXuMQLJ,12.967836570531569,77.52564738467736,1
LOgNdSCRsXuMQLJ,12.968423492485426,77.5263591647188,1
NKPftpjZlAggUCv,12.931736486920368,77.48186012999109,0
bgRZHJqNIwPCuMI,13.067655108488085,77.63704130975269,0
ZAJnKCFBinARdsn,13.00164404829794,77.62958002219757,0
ZWJQYMoZEoklxce,12.863074968569457,77.71872802096837,0
JSYIWDDWPYOeWqO,12.877933850460602,77.48893867737064,0
VKbZbsWmEVpAxYQ,12.855694421005415,77.66597271056196,0
wRehcKJMtKwLNkl,12.978727056534876,77.56493962640232,0
KjfmIWbZbjJvRHL,12.905581581460352,77.7081927898423,0
ElUlHRrHhaEfcxX,13.009394151552245,77.62518681170839,0
biQyPcWBIzkwZDl,12.875187089600148,77.64271436862619,0
tbmgCjpsBBaQtEq,12.987291080653057,77.68729160943059,0
GJwyCyMNEySoQlS,12.897874314647195,77.71540553405434,0
UmJKGtRBtZMvAiH,12.946085269735786,77.56985893843552,0
iFmSXJZYvhzcuQL,13.096715206797793,77.73976603229612,0
HHfmFmqtRRrFqud,13.050586774712908,77.60248186504988,0
UdmPbaSQHXYUjXZ,12.905612725851448,77.53067755007163,0
RZXzrxjpGnUnpzq,12.879337510490284,77.66047713956009,0
owcPWlILgqCOtpM,12.885201957566672,77.58790442629811,0
jOJWONdYjTcSjyj,12.928280744405551,77.49802359939844,0
cKuUcmOiFdoBYHZ,12.860238236120928,77.53468606046233,0
SvtadFcxZZhZmXf,13.060814831284784,77.5237514701282,0
oLLotcExJdQqFbd,13.06051125222901,77.6900964266167,0
ikONQSMkWmihgjP,12.884131183320212,77.44672143023804,0
FkgmdXfQWFLiMCw,12.990572001910747,77.5568528047748,0
KmmBqkaneOFwVfW,12.88258121248434,77.51129916237748,0
qyYbtMGMOuVbnxA,12.921870378885348,77.58995304900085,0
btzGHZDqWolXMWe,13.088532624318292,77.55927265920825,0
vfSyjUIajJLcGeu,12.977211745362393,77.47490206122878,0
GfSfNIaFCpgpBes,12.88060336993844,77.66553239263794,0
PJzoRUmbXOEGjGH,13.07758505498536,77.62937571414975,0
DixjOhqtvAdiSWg,12.90307644927818,77.73529386358086,0
ZbRlYFHJZlemlcg,12.860410715374512,77.70126409548934,0
bVWuJHPDKrkGyqG,13.00562174416363,77.47403696367965,0
WEeegLYYvdQftC,12.97894562093194,77.67529067882526,1
WEeeTgLYYvdQftC,12.979512285181071,77.67509941857045,1
ytuqkpYPdwphopm,13.023699424215256,77.52356916803753,0
YfxWxCKlmeOQrN,12.995737723240692,77.46042724936811,1
YfxWxCKllmeOQrN,12.996578909171006,77.46102703189466,1
MrjYiKFDVosaAjL,13.086560816939032,77.70122879797715,0
qdUtWNBvbtuZnil,12.947872807626844,77.4770501064582,0
DBDGxHfguqOEbop,12.988645818816542,77.53089514334232,0
CLUfDxWsNRlwZHg,13.043459194236014,77.60418237459251,0
OCLSBShQbPRvpgU,13.032857032495604,77.49677651709341,0
YfiGoOwmnQLyjRi,12.906931821134114,77.54691737056216,0
YApDJtqauwNgAHN,12.93203102300669,77.73580675858881,0
oEJllKszAxQaEaY,13.020546758780547,77.5931312983971,0
QkMhLEJVsvkOWIp,12.948942450749657,77.50384471772102,0
VLHkwWryfdbdhHN,13.041372358779812,77.50291044144336,0
woLNuGHIyFutqqT,13.030830271968986,77.68109204927613,0
ttjpAppqdIOtlgFD,13.00777610347502,77.53102153073158,1
ttjpAppqdIOtlgF,13.008681418475398,77.53104197377067,1
mZYydyyDPPpPzuvQ,13.081970319072475,77.64048600586894,1
mZYydyyDPPpPzuv,13.082611478813291,77.64135173922654,1
iUcpSxGJjDRaZCq,13.06963089656738,77.70391190546917,0
KdxeZrLpKWPOHiO,13.04868728301752,77.4603651866623,0
DiAlBOqofqXTfiT,13.061330598983483,77.65465874383648,0
qYiNGLQDcCBbBNr,12.853504814210924,77.54323261990245,0
bzzaIJThXyJXbor,12.856242552156216,77.54152273365084,0
nrfjoBfdogrQQxd,12.93277823404058,77.57048618248045,0
QkwzQyaQqYbgzoP,12.930001031187972,77.5111738259859,0
cgWUWBJqaVrOolO,13.085766459539768,77.65233988776347,0
eZVvqYradDFHGWy,13.062307813326989,77.49254697530905,0
InXyxxYvuOtrwxBz,12.959026230876434,77.45580672878855,1
InXyxxYvuOtrwxB,12.959393805006028,77.4551648807429,1
jJVysWnvThEfVN,13.08383291707718,77.7225306781199,1
jEJVysWnvThEfVN,13.084566707224695,77.72250141649225,1
QcmbKHLRVzKopHoz,13.09475997477985,77.54369528765183,1
QcmbKHLRVzKopHo,13.09444933031956,77.5446840225588,1
uOfuqQKCfUvxLHzl,13.028646743711718,77.54081547085381,1
uOfuqQKCfUvxLHz,13.028152795007465,77.5401814132808,1
ZqvgwmPEoXzgQv,12.88636709348197,77.57976962571708,1
ZlqvgwmPEoXzgQv,12.887177567085196,77.58021503223337,1
yLlHSCHUezLTStAe,13.004264576622074,77.56316645808795,1
yLlHSCHUezLTStA,13.004859567971828,77.56383840233818,1
CrCgXFmgUzERwQn,13.0712862742982,77.5473429839044,0
zpVccYFOysOPBb,12.952581272261009,77.59260230889464,1
zpVccYFOcysOPBb,12.95173791816718,77.5924337409394,1
bbyIrLxZerivvyH,12.909540111736163,77.73538139129816,0
OhvhIuhUeIhJVxE,12.8666725004145,77.65034938717764,0
OlBYPNYBsPdUWIL,13.03715708517685,77.6193845659269,0
jAuCBcIOebjPtL,13.068043114409562,77.58078352093078,1
jAuCBcIOJebjPtL,13.068513832472346,77.58094941255723,1
SPGFVLoTKeaphGl,13.07265733459942,77.60297409013289,0
LQfhhHnoOZxXJZE,13.089957257233053,77.69899532846183,0
NjvldpTqMFjNvMv,13.01961150467799,77.61659044724574,0
UHvHflhMWGpvEzuo,12.926823676619389,77.58184943586507,1
UHvHflhMWGpvEzu,12.925973954751749,77.5815832823657,1
jPKsYKmnRlcIteL,12.96581469336097,77.5269333927206,0
BoJCqoJklxplftqF,13.04119265108171,77.47023634589236,1
BoJCqoJklxplftq,13.041767170437144,77.47074862380704,1
YWceWqRLvizUsFW,13.006894686743175,77.57664270567749,0
abPUkveuBTZyvNQ,13.027664847425886,77.68831148502451,0
eXmTPoTnqAZhYnV,12.980829220717792,77.67176533193587,0
xSqLSOLKrljikUy,13.09303929372572,77.5040550775161,0
tlRKGSfyXpdnszG,12.987105940751633,77.6675700141708,0
riKAKZfpzWWgqEC,12.888148074058355,77.49578211490498,0
UaNAjlVwovchJv,12.857767444414067,77.55587183813707,1
UaNAjlVmwovchJv,12.857468690240426,77.55611115267352,1
SYgrIhsaCxBHBh,12.925228694522502,77.53493872611567,1
SYgOrIhsaCxBHBh,12.92609060825365,77.53502269361812,1
RXWHxGrDCilrNTm,12.878184565201378,77.67181095732555,0
LUCJDdIUoXjSdke,12.991290921629334,77.46277796989571,0
GGyIQNLuyQuVsao,12.976873314072744,77.67744447070262,0
kjLLmhjgfgWBGfn,13.078424846022434,77.60425564179276,0
wWunSrwPQqAqciY,13.004949913349392,77.59111131421943,0
ZfPuYUtJPaAyrzw,12.853371834698338,77.62566124238208,0
lFiZgUTsYsmCcve,12.906391780256648,77.7326947953712,0
YAsqEAHoRqfIXEu,12.891257378855991,77.63532350212812,0
EYSEhwhuWVPoNFe,13.092268276719906,77.62601494566229,0
zdSedwsmTjFbTRq,12.901460082871486,77.7391517852236,0
XbOtjZlbsSqrrYRV,13.092552190651489,77.52968714999449,1
XbOtjZlbsSqrrYR,13.092026407912927,77.53052606656772,1
cwPnQlblARQNxgc,12.919368332629396,77.47650191099304,0
TAevJytephHIrIRM,13.018302469482109,77.65401141826068,1
TAevJytephHIrIR,13.018549738860244,77.65474959636333,1
uRUXGHDRExEeeHb,12.879764527270344,77.73931861222104,0
XajaetzVTUaSpHm,13.044377366008035,77.57807889798173,0
BNeHOoSzriPyNbA,13.05177168928112,77.45234935543199,0
lCARbRkAOZNJrMgI,13.027613366078,77.68489832854408,1
lCARbRkAOZNJrMg,13.027580723084014,77.68448847303772,1
jVMitFHFeBXylUO,12.992742980401294,77.48944555048838,0
wTUEkXzUrWajsum,12.990370286981738,77.71140506978251,0
KgFlmuNurvKcSpE,12.92940586658365,77.69857803678279,0
xeWCIHHPNhwOMKl,12.976713092694547,77.50463218125647,0
ooobimnhkeFFtyD,12.896891293025352,77.67903660800104,0
YoKsktuOqMWVqm,12.931830959872045,77.60181358849665,1
YoKsBktuOqMWVqm,12.932467281893617,77.60277643791846,1
cTnDlXxtaQulmEF,12.889432072823972,77.5288189767805,0
FTBTVigRRBRuiOx,12.877060995522529,77.53145068105835,0
DiNlziXGNFumRLf,12.93938223136852,77.61568709073973,0
PXyatwKsirkhLvW,12.98455143572829,77.65723646200681,0
xYplogMXRUarbHY,12.952919445951666,77.47028195097194,0
TXMPICPuOtKzpvz,13.0339224966396,77.68897683771405,0
dgqwhXuKotQYyIw,12.936444832617754,77.52063706057695,0
RdrWinoSIaJqtVt,12.93147193438666,77.55582921830022,0
LGJhslNCbtqaTbd,12.955291934649962,77.48937718219112,0
YXdWcQptEPkDLGp,13.06189198239467,77.73560525481967,0
biVjwvpxcitlbyA,12.856561824670608,77.60839427898702,0
cdWCGGBLCRmsXsiJ,13.017825132599818,77.46142487924324,1
cdWCGGBLCRmsXsi,13.018632674391602,77.46191952086491,1
aLkNGsfsCEGxqM,12.89941110596687,77.48385649870379,1
XaLkNGsfsCEGxqM,12.898746014598952,77.48390059844728,1
qYgMcfTPkSWhblr,13.090514716138486,77.60186212613566,0
RINznJedJopAEuO,12.954767600247472,77.63418281713346,0
IXDcuKmOfWjqfTF,13.056436140429687,77.71430746884919,0
JRqHDdwTdpSwjDsg,13.062836704710431,77.63304182965618,1
JRqHDdwTdpSwjDs,13.0630268656465,77.63275476839551,1
NpVbgsRlsPylVWd,12.923635371973518,77.70410993022077,0
waByRsUvHYbdGYs,12.875515307178528,77.72187386576033,0
UElutIQuKJDSaqW,13.072377028373188,77.57182398729519,0
PXJKpsMNmFqQFJh,13.026224015011156,77.50874095838464,0
gzvxBpINFCOewtSW,12.886586921706996,77.51896593535352,1
gzvxBpINFCOewtS,12.887309731293186,77.5179682784037,1
TlErXeVVUQYjTYk,13.003247578270836,77.64577376183108,0
xVddhbRRWBeIjtf,13.034152599876396,77.46203220967469,0
EyZQtxLzvXHireJ,12.919910684692203,77.53803797357408,0
cswlTnDcEWpQpxou,12.946662803913044,77.52429071320944,1
cswlTnDcEWpQpxo,12.945680781704962,77.52498337993744,1
lmGZlXHKNgHlXp,12.897650880036393,77.55894320450886,1
ElmGZlXHKNgHlXp,12.898010824914971,77.55808453233558,1
iklkffXSjCUHxIQ,13.033041859634263,77.62416076125638,0
kqGadMdIdxKBIOI,12.882033979834128,77.67885592684016,0
qBuXyESZtjaDGgdK,13.061618582608755,77.49529282379761,1
qBuXyESZtjaDGgd,13.060762269694136,77.49607772181153,1
sYKZWdrZxoANaz,13.057074609648744,77.48350316835973,1
sYKZWdrZxoANlaz,13.05769713750984,77.48279869047447,1
TuroaYbYlNIIswb,13.050872171436044,77.55466221932272,0
yCpuvRYgvLzzyWX,13.062214256525262,77.50952990370591,0
DrHOJKXjqEHwNuI,12.999804899801388,77.55179223445867,0
YZOvCiKFJOTQAx,12.888454027097517,77.71967932933043,1
YZOvCiKFJzOTQAx,12.888665316083197,77.72067297345032,1
pJmaPlLvlPEvury,13.04909558873247,77.45128752971195,0
xPbNQoupguslWG,12.886016688819906,77.58172979047953,1
xPbNQoupgsuslWG,12.885432064219566,77.58194122930924,1
rYIYHNtYjFVSoMl,12.904745059392267,77.54158835439553,0
oJCeRlktyQyHbXS,13.091103064609513,77.49543605594043,0
jxWFqREAeDtAgXI,12.940209275211624,77.51481471090335,0
kGBtHeuMpmHgpEq,13.05835581403867,77.68741837965801,0
yOuhGskMkKqrSXM,12.916918574547624,77.71508755822073,0
emDdDcFGYYqrVOO,12.92428973921674,77.45344438450624,0
lHNjSOmtfxpNnbT,12.903492092043743,77.52921367270446,0
xMezibpwlNVqngX,12.959591208365556,77.63745045183157,0
gndnSitDSjDFeaW,12.88514945002753,77.74321955371694,0
wiMprKarbLEQLwI,12.902874364469762,77.49675810755431,0
ksyFNqKAPdThAWN,12.864265634143862,77.73271906047168,0
xnbhgsiIJAPeTqa,12.867917694964865,77.55006626874852,0
AxipFwLmDyvRGjR,12.91061817772752,77.56472698516492,0
EPNizAEmwcDPCVM,12.899276367164784,77.62636813811311,0
LoZRugDaZMiyUllk,12.926013318837793,77.72910755966402,1
LoZRugDaZMiyUll,12.926114886329207,77.72900641963383,1
WYsXcYMfbZnbzJj,13.075595368148276,77.51300378663332,0
VzzYSTzgSMjbtGU,12.952272600684468,77.7380666541642,0
JYlFwbtPrweCBKj,13.09217246648088,77.64530465187414,0
oezEyHeDVOrYAFEf,13.01163494305876,77.67431668796388,1
oezEyHeDVOrYAFE,13.011936584735729,77.67344414229838,1
meFZKKwAxeilIPM,12.858246850207031,77.5239583136305,0
UHlPwVoiuYKgYoM,13.087243002262234,77.52487495945505,0
WPZRoaYMTsQMVpup,12.981203081803429,77.54479951511308,1
WPZRoaYMTsQMVpu,12.981457108691185,77.54394671938844,1
sfPHqOPCPxGZxlw,12.910691791381003,77.69617678367962,0
xfPXOmmRwWGpDiE,13.017806375694452,77.5837586965664,0
DvErJmjgPevlfD,12.923461409718726,77.5895819952991,1
DvErJmjgPeavlfD,12.923313709963468,77.58904970216282,1
nWDUOqdEvnKsWsJB,12.97935839458563,77.72664800846883,1
nWDUOqdEvnKsWsJ,12.979487974148048,77.7267759813553,1
tVcDlOFGDstwYGJ,13.000384517703978,77.51029903565289,0
aAvzrrdaQOqVTup,13.024564470133075,77.46613448779938,0
tniQsLbPfCetrVe,13.094288508925484,77.6929521792253,0
zVEEzCHEcXuHXUt,12.92914065531992,77.64778740199314,0
LTYuLaIQBJjvbBK,13.062279359092006,77.58900499125268,0
VZGEVnXHWxFyvNF,12.96606166856342,77.54967420237932,0
NbLRLaMZeWKpvpm,12.97097488060786,77.44983593200168,0
BPRmOjhYDsaQrVV,12.970641106846664,77.69178250156146,0
mDLNrrhYNkrBkVb,13.020307859312751,77.48933235176736,0
uMXTMKgCKAGzAo,12.932224815594903,77.68792414133316,1
uMXTMKgCKAGzwAo,12.932730400190149,77.68695216019778,1
KNvRCdOeWjIHrYu,12.923398224635587,77.69136666779214,0
FwItzhQnBatRGFO,13.078561186807956,77.50824129681948,0
RyuoYrLbdXCnnKXl,12.9338685666949,77.58169025401905,1
RyuoYrLbdXCnnKX,12.934486567409923,77.58256404478877,1
PYVftAEymeiwqUE,12.975638171930582,77.68476773795379,0
zhePgiNmiHoHYQ,12.930001257868732,77.49238942189751,1
zhePgiNVmiHoHYQ,12.930339441985293,77.49338718652413,1
djsDYaOghYsXcUu,12.895469620906637,77.51538948771741,0
zbxoxZnHvpKNCHH,13.02386142644798,77.60888244143044,0
JzIqAQKJfpeoDmfT,12.960469669487782,77.56529090475728,1
JzIqAQKJfpeoDmf,12.960512970994516,77.56452283937382,1
zQqFVILLlYACpKy,13.038286808753892,77.52284241146663,0
yoTnRfYevhoTAKa,13.03633810473208,77.65971020275067,0
mwsvActWvYkMSwX,13.028854461318955,77.56633838537151,0
ScUGkxZliMNHayh,12.87579816376604,77.6751572222999,0
mqOhlXXkbVkWwLH,12.909745680247342,77.67659867969955,0
PccAkEBKWWHkdhm,12.891819877311352,77.65294340389708,0
EXCPcptWVjQDHDvL,13.00688557209048,77.51718983769025,1
EXCPcptWVjQDHDv,13.007648570666545,77.51736853534277,1
SORAKXFwsmJYLNR,12.956611068959353,77.7024117659185,0
pdxEpcBPbNMMJzK,12.915100706418052,77.66882873323257,0
wevjuaOBJKHsdyp,13.022580422181608,77.53549343714023,0
yzkDhRtIxnwzfkJ,12.854345464996651,77.5034097456784,0
AcXZQdYMIluFDXX,12.949427376288527,77.55284312779234,0
bHyBHrVfbFQxlSi,13.020680564656304,77.70217112842224,0
ADQmmRLOfeMgzlV,12.995252583598376,77.68614379943325,0
hYsPwzsWDbYgAAnd,13.049048998723936,77.45771223057824,1
hYsPwzsWDbYgAAn,13.048868789146333,77.4572591850741,1
aybjqCNLZbgrUfH,13.031044549713902,77.66156121260956,0
RJJTwBGiGfvZCtN,12.98380425242078,77.54985246722937,0
rSOgpfYnqZLQBPs,13.043154188868792,77.66316386660847,0
qfLedzHxgHYWsvq,13.02329268863213,77.61787639636279,0
RwJKzpaxklhjesi,13.05537068000316,77.5711631802123,0
wsfgWzAWOsnNIhh,13.02900926784674,77.47728533778063,0
FnGAoLbiMJMdKtY,12.901779782012206,77.66810575408002,0
NCpYrtmwyypFKjH,12.978298140165776,77.52987752522675,0
BhCCfFMNtHCFxsl,12.874952627348804,77.59617810165517,0
iBirySoxFodbfspi,12.903649874787051,77.52563436623738,1
iBirySoxFodbfsp,12.90283270502096,77.52655160965199,1
foBQznTbOvZwGG,12.916859344014108,77.65687614716701,1
foBQznTbOvZwGGB,12.9160135243753,77.65707709651004,1
GiHbrEOEfxfvseV,13.02481802280742,77.54999333414663,0
BzVaRJfRPKuhpCl,12.95542509698383,77.55852457714533,0
XSqodiQhgrHXiSd,12.888368586101146,77.56171306366451,0
BoWRiJHMgVOZyn,12.935532821179532,77.70905832288875,1
BoWRiJHMgVOZynC,12.934809843663912,77.70823792133612,1
VvGLNoGKXNVyoxE,12.945219813913187,77.59093443739549,0
VvcOsMIhONedxaF,12.85934411498384,77.60146765893951,0
pVomjCFCJrrbygn,13.064761675114797,77.68927758710012,0
KtEnHQdOZUmVQaY,12.86205472193327,77.71751386695922,0
drPaLePSxVEiWOV,13.041452355671757,77.4554919447036,0
wvZOXJhDTDlmZhg,13.090758999839348,77.60381873492923,0
IbIdTCcpuVagZfu,12.93733952154387,77.44596791799313,0
acxmwITjTdMqWEF,13.089232287128688,77.61368824629184,0
JWNIUUseMnaVWvPJ,13.03409997906234,77.54836973357557,1
JWNIUUseMnaVWvP,13.033313769896402,77.54835317134554,1
vmYKIgypQphLue,12.905964997197907,77.70177179439922,1
vmYRKIgypQphLue,12.906154495475825,77.70208383256251,1
kDCdycuIJCkWSCC,12.909400146065318,77.50590824708135,0
lqknFPakAOuhQCb,12.97610631439137,77.48960525866778,0
TeKHvbebDfyLIxu,13.057046883659558,77.64784390843,0
FKRKVcjuHGMIMFw,12.89855051710914,77.48462854580256,0
JJUuUXPdHyTbpWT,13.03614874803591,77.69948620375743,0
bmmsuKeQPkivVGU,13.060499845098407,77.72834135254051,0
iozNiQtsHZFdfDb,12.92434158298474,77.52994542196797,0
ksFfSXQGTeLcMXu,12.990809234764022,77.48966221542787,0
dQPIIEMGZTUBokX,13.03985282195532,77.53818607693718,0
DcmvTQYnpMuEYVT,12.924060128277244,77.61851305664445,0
TiSTNWrVPXfqceM,13.047124942308727,77.58910573293345,0
hppPdpLwIrORjVu,13.03769530164308,77.53815457051672,0
FGBunUolhnkXbqn,13.093473179415763,77.69206593933986,0
JspFpKZBgApRRQO,12.964116610179287,77.674894912853,0
LlmLPGYCLgKwgsm,13.039660989904316,77.50393717875382,0
tlsRDyenYjfiYbUK,13.063284500984784,77.61589981519023,1
tlsRDyenYjfiYbU,13.06380146830399,77.61535911099156,1
aohCRUmtFMCcwwl,12.989237429325303,77.6921291092812,0
ZjzsjdpvzAoWHzT,13.018375293954708,77.49883342183827,0
rqZeHwWrZFNeIxZ,12.926152625281718,77.49275366648116,0
gEQBUndMbtEObwJ,13.012454240784644,77.73358962520457,0
LrEaXBaBUHuFKF,13.0901966188809,77.70630752754191,1
LrEaXBaBUHuFDKF,13.090573725452362,77.70678930030525,1
ZoEkMkdmnSADJQm,13.096564539681593,77.51369708597863,0
jqmaArBwDxSAhGS,12.910591069036316,77.71836703592169,0
MOESsfQWFxELZCE,12.92150934202737,77.45585739606358,0
YQzsmFdVkFjZbU,12.924823268681251,77.61713622125123,1
YQzsmFdVkkFjZbU,12.924612559961144,77.61694440563363,1
UbgDvKUHzRxiyTq,13.092706041209304,77.62910887114464,0
TCXjnNpgoqlowkP,12.979421188358424,77.7076951913556,0
IQVseKMSAjddGhO,12.904653786961056,77.48833320612918,0
inCrzStkJhIHruZW,12.891276205012945,77.52945916736772,1
inCrzStkJhIHruZ,12.891283296529656,77.52901057172971,1
bYMFRKTOMazfyk,13.072256320463248,77.6610249023718,1
bYgMFRKTOMazfyk,13.072240106303129,77.66170721601408,1
yFtzJtTqErkjHmY,12.86459938105024,77.72133860880453,0
vDiOfcgKDYtdmZt,13.089163480857849,77.53441521794605,0
LVhpKYAnGTgckEA,13.02136139540184,77.50920474899121,0
FhjIijjHepfralL,12.985597734676912,77.60037390802576,0
gaBwUDjefoAIhZk,13.020817834603475,77.47204044638833,0
IOkVCJeKWkuYZDw,13.076896178772795,77.74275804239659,0
FZUkqAuiDMUieX,13.086237301537237,77.50312465644672,1
FZUkqAuiDMUiIeX,13.085665188024974,77.50319989769787,1
EqQqAVnPPgfKUnL,12.989600839162108,77.55716696344915,0
YyDnmnQNgNLHbk,13.077114699221312,77.55392082512995,1
YyDnmnQNgNNLHbk,13.0763559134357,77.55329507208381,1
kOxEJAonBXBSqpe,12.898494934432666,77.73615788197884,0
MPkAbjnOmaLVtSAs,12.91570875666308,77.69602333820866,1
MPkAbjnOmaLVtSA,12.915538976714872,77.69536774255083,1
GuEtbKLpZbILYJh,13.00624080234784,77.45555872679546,0
UeWCxnGiQPTgtp,12.912778663820315,77.7267700231178,1
gUeWCxnGiQPTgtp,12.911846453957054,77.72631326573816,1
iToPPNBfTeqcHW,13.02153875407158,77.53953787826526,1
izToPPNBfTeqcHW,13.021119488166278,77.53864401317307,1
YeFzfIhiXuUFhk,13.017533331881992,77.65319778689569,1
YeFzfIhiXAuUFhk,13.017918137439215,77.65418008305215,1
EpEIpoAGWbmUQKT,12.911769716389577,77.52921860817989,0
bobAlHgiBzdHqpLi,13.080746316090362,77.61170651122325,1
bobAlHgiBzdHqpL,13.080989419145611,77.61090851682596,1
SFuHyAkxZIARBKd,12.921302888446556,77.65770834778672,0
puskAoncoYEpcQl,12.918593012887635,77.53852115069884,0
jFQyLSNyfUKfGL,12.934750268873785,77.5722059110061,1
jFQyLSNyfUKfaGL,12.935488679467792,77.57286926308555,1
PnDwuQhlFHyPjrQ,12.86082967166634,77.63135856150171,0
tddCxefHKvQiObq,13.088459614739763,77.6653549327665,0
eyhOnNyDqTGichH,12.86833848801458,77.61052235683353,0
HiGoGvomqAAxJi,13.074780846055232,77.5924063595695,1
HiGoGovomqAAxJi,13.074193366854836,77.59234101804455,1
qcJdJrIMDjIWdrl,13.068037720029317,77.53731284504599,0
ZYVBgessPydqwf,13.008533760805472,77.66361901833727,1
YZYVBgessPydqwf,13.008460134060677,77.66413822724977,1
zPxfQIfkdcnBbos,12.90509538466787,77.50344503349753,0
tgVydlPSQLtbGyn,13.096186161622184,77.69617859139775,0
wjRTsidHgNntNDP,13.03155757498717,77.45131142865445,0
CRsYrPVltoTQPjz,13.091465294667229,77.56156161427523,0
aFaLAECCOMEuLFE,13.092836299358918,77.50275777991321,0
lOwisEajYwUYzLk,12.945945346997656,77.63034905728232,0
RkqnqYVIjCeLzGG,12.863803590835982,77.46912550685396,0
nXuNerkaFVsUXeC,13.090268084566532,77.5901098536122,0
UCJxlviWMpSixwU,12.981140372865944,77.45793497992166,0
OkVfIncLSLDbbKs,12.910110921313926,77.72526408122225,0
jnebQffRVzSxSCm,12.90140134798296,77.72905876852757,0
uKKGdMpjgQUitw,12.941884837803933,77.71969678234382,1
uKKGdDMpjgQUitw,12.941795176538498,77.7197873410895,1
KLdRHJbVmkUzCy,13.072436994438869,77.48884706414246,1
KLdRHJbBVmkUzCy,13.072393985724856,77.4885398848589,1
kRchTuhYICvqzTc,13.080012554572871,77.54215810794153,0
HEUYZNhvgbdSvbSM,12.872372393574697,77.5443233684254,1
HEUYZNhvgbdSvbS,12.872320417956518,77.54445018215583,1
ujvuwIqLOTWpybS,12.959376485275955,77.57319557800088,0
plSViyKUdJXpuMT,12.917734684713194,77.66698094977208,0
phrVvUzQbBpsZrWm,12.993511955219354,77.50033363242599,1
phrVvUzQbBpsZrW,12.992524838985895,77.50104984063324,1
RGXTBEBpdztkwwl,13.07097724270071,77.54727533257787,0
GrSrWWUAFOFUrhO,12.885987592190416,77.59143186157296,0
uTZUxDjCemcHaEI,12.874440366105798,77.53313297233501,0
oiWstFxbmBVpQcmN,13.02830805240264,77.54252608254,1
oiWstFxbmBVpQcm,13.028151391756492,77.54216165527444,1
wBZGMBlnbGIExvW,12.983840117327926,77.661026252635,0
EZVfoaSfPpOWXJw,12.88623708351792,77.59241136219094,0
OJRXKAMNLpjIVSw,13.08872569468324,77.4849714250582,0
vQOoYBDedVUGKqN,13.086119673930982,77.65609356270615,0
JFFTvAMdtvmfosJ,12.912574352756858,77.53621886865405,0
KjbBIKwAEBwxSrm,13.023984246684742,77.68780851048724,0
lwjzUNAOnfmwTqC,12.900144976645388,77.46804682466981,0
PTFNqujYyLQvYvR,13.048219137916966,77.6929705850171,0
gXzVkoqhkpuiDN,12.954411454606204,77.64633925330276,1
FgXzVkoqhkpuiDN,12.955177725004775,77.64645652469443,1
aEbDtqzRJhUBuLQ,13.045131227250112,77.63527603557367,0
dlGYsCncTOIbUCWf,12.962772445090788,77.73568404199497,1
dlGYsCncTOIbUCW,12.963406487870826,77.73601477038098,1
vGhVLhFURUOJQAx,13.064425626355458,77.71617091248704,0
FXCiHOddxYJMcIS,13.05405756423863,77.70366217136291,0
RTmvDlvrxCMlqAO,12.974201103413709,77.58660602347378,0
UfMSLoJylZlAmiq,13.002373990708625,77.4885329118076,0
uHzrwGqQqYCBcZT,12.925979590573828,77.56832368413217,0
mELnBthNCaLGUe,12.972650745910975,77.53251980071236,1
mELynBthNCaLGUe,12.972675820162095,77.5315563467282,1
DDakknsDFgVcLrj,12.886753289096635,77.64313216685282,0
pwffBtDWJELaABj,12.95009126988114,77.66792315435714,0
xqQEEMDJbRDJOZX,13.03607370203978,77.51183362402769,0
oxBbryQhnsCpCwa,13.010888114945846,77.70804816221131,0
gKLYjtAegzHapmG,12.900602784175929,77.68939369077665,0
qsqWuFUAZvPfyrd,12.996291310049838,77.4818717332124,0
xjPawNtrFErNkqp,13.014703417504723,77.59817885514043,0
dZqaaNlIZHViPYx,12.978579855265668,77.73806572749696,0
FXdpAwsykdDWQwK,12.902058846426131,77.57777710655718,0
CzuYIOOmTVWRulX,12.883901003329315,77.56378184322402,0
OcKtYUIhEZfdJIuL,13.091526092564676,77.53338773947198,1
OcKtYUIhEZfdJIu,13.090961532549082,77.53413690965868,1
EfvoTvengDneMC,12.994464758686316,77.64659808766282,1
EfvoTvengDneMlC,12.995014367702746,77.64667406885678,1
plcnUcLSSpvJtLI,12.960182658790837,77.60095401165259,0
HlbSuVNjJuTzHmv,12.956077689466536,77.64276158104893,0
KBMIOFwoyKVixdd,13.000337484946314,77.56367098156028,0
rfDhyqTWnfAsKrk,13.020248189045942,77.63985050463934,0
uQdsMXvNMbjGLmN,13.03419869521691,77.47497864588118,0
kNHEfIhqcdUDXKN,12.932205194543531,77.62165545865328,0
tUQnamzbcnuMZkh,12.996422471769815,77.65846127438274,0
riBmWWfWxrqauzr,12.966510823366033,77.53979955293065,0
xOfoUDWJQRKFFppb,12.961087584109876,77.69436276748918,1
xOfoUDWJQRKFFpp,12.961013648575182,77.69532233883517,1
FOjEfvDZsKhmkTlR,13.079941672339562,77.51776558035097,1
FOjEfvDZsKhmkTl,13.079766230415276,77.5180890627327,1
vAKwvmsDFCspSLa,13.06557852081268,77.6088591875612,0
vORuDbKCUjhkARn,13.031251485317052,77.50590326403092,0
WRRehwuZCfQjtRk,13.078256282912744,77.52324165184946,0
TITddrRKOBWSQRB,13.028090380844668,77.52762584583942,0
wnFLrtiOtOZCtlN,12.88791759709806,77.44603776384498,0
ngjrVwvuvbmBcbW,12.931989442066303,77.69918244805126,0
okYcgPsHaFPjRkk,12.865272955665048,77.44514797753321,0
qhSPrVBqaODbQlr,12.940441609342349,77.44999917723948,0
WIHCtVyEBeiqHkx,12.905997402341756,77.59649730703354,0
CnuzDuVTsYnptVI,13.080345383361704,77.7021430749343,0
XeOwaYHQUWreQWI,13.043026810995444,77.71846202171615,0
LBRbIJmEooNXvWT,13.076004759331262,77.51931501047868,0
ezhgrvRgWodMhUI,12.896252917159364,77.46367602841852,0
qpPJSlQwpNQJOkz,13.027539104392066,77.51483783776443,0
OAHHiWqzjwouwSJ,12.94857638597822,77.57061895305958,0
yqfleuOeUwlZmaB,12.940808840986929,77.51449733022243,0
RLiNSrtMhmhogbNp,13.063285395506282,77.44897584860219,1
RLiNSrtMhmhogbN,13.063893343802514,77.44945010605133,1
KorFCOfAjgYvbA,13.044042658030731,77.63321823976302,1
KorFCOfAjgYjvbA,13.043271438215363,77.63275869552756,1
mbxkgnqPkfuDuSm,13.042406924735058,77.4811771768379,0
rWocaOpzdWlvnFs,13.036976936089484,77.72865256175183,0
RYagMaImRyhgBp,13.066674567462035,77.66587774596061,1
RYagMaImRyhgmBp,13.065979752789865,77.66514121817076,1
RcVkgBXVxUtItqv,12.876183737171385,77.70350901238197,0
kBDrulSAWpFBqzH,12.967304298110696,77.45066041567075,0
PJcKuCDlYTIsOBs,13.041648920025484,77.63085537462447,0
DivTzOebcLxMnzbw,12.896928443080585,77.51120529645175,1
DivTzOebcLxMnzb,12.896852266255197,77.51143340243038,1
qhCgUkLMhCKyrh,12.901944679995594,77.52863614576692,1
qhCbgUkLMhCKyrh,12.902901256604428,77.52888526089075,1
QqnkgidPmittaQD,12.95136337844357,77.58114253058565,0
hZdQBclZjSdpHyn,13.093402152571477,77.53332638618123,0
flqygxfxYkCExX,13.095215938194787,77.47579559432852,1
flqygxfxYkCExvX,13.09493930828154,77.47566734557445,1
BjzPttDSxgMUrcL,12.901852789054145,77.69839304036303,0
zrbNeFjMswOcQsa,12.996760009407655,77.47025730689802,0
fnUQgWXAvVgMkxU,12.875920699525052,77.47174524269357,0
zViYrbNGyaWnkIT,12.906868858121069,77.49318171602178,0
qLZZyWngimpGAFG,12.85409838808773,77.7250670958141,0
QiWUEqkDqKcpvJ,13.060748663248908,77.58589710094938,1
QiWUEqbkDqKcpvJ,13.061078958611333,77.58610803613405,1
YLOiNMkDiixRdtb,12.990834618015269,77.48489663910827,0
MwRkeyZJPyIEKrJ,13.019882391702732,77.60973275543192,0
urpEUjFxPCabEs,12.999056630347832,77.512630647073,1
urpEUjFxPCabEvs,12.999860068300771,77.51319174081048,1
AUmixhyBNmWDzXD,13.06797739367177,77.46907759282725,0
VxIQEBOpZZYeSES,12.853171583344432,77.66377240720392,0
FcUGuCEXiQsWuZb,13.01295293782817,77.54167649571812,0
iliTOhiWWjJUHvp,12.947023475055312,77.5418531708894,0
HrKaRudfipajChh,13.019848139373398,77.68711790849724,0
ccnMrBIfsjbcGFW,12.883617209268442,77.48257473045007,0
FHUJCnUZuEBOIJx,13.088660861097258,77.71598219673837,0
YdtNmuaZMgzOYGT,13.0245937347511,77.5477680218099,0
rTJTjJLdjlUrgYJ,12.877467840362236,77.62420732498218,0
DpzWspgkbRIWxCAW,13.09336502707892,77.55435614860525,1
DpzWspgkbRIWxCA,13.093203661247015,77.55360657623278,1
eWsDSSenXjpWbvD,12.860852557009174,77.6257505499998,0
DhYAYaiNRddBtI,12.975331894316955,77.57998186943725,1
DhYAYaitNRddBtI,12.974668498376271,77.58001520106545,1
QuVHgggjtFmCynd,13.062319074077756,77.61816233720032,0
RwVejMVSHcfBeiQ,12.950887244147188,77.53507481612137,0
nBaUTZAYmEKmVJC,12.927487861644082,77.47604030430158,0
gDQnrQsYbQLyQru,13.078049502496263,77.52546244647341,0
TMhXOzBEIMGiSXF,13.063521741929922,77.48416455888145,0
FCIJEmEjzCpfkaSu,13.06195570763222,77.67737800810785,1
FCIJEmEjzCpfkaS,13.062421863008112,77.67655648965392,1
pydtJnzWatSTCjp,13.079947947914992,77.49259330930819,0
NpOwAlWpOANcbyb,12.967256193451233,77.6977985619001,0
fCLVGTwQWqOtAxx,12.867873221236689,77.46990460094909,0
FqyPFvTMAoGaQf,12.957067729055147,77.47089895946667,1
FqyPFvTMAoGaQfe,12.957548237875116,77.47057648523156,1
ZeLpfpRUmfNRPoi,12.969240366000305,77.73420791309563,0
yNnoiTmnTPkApZs,13.054237060377996,77.54077802340558,0
AQnUKtCHkbkhmfz,13.094159599250744,77.73453382292041,0
DSZfkCyxfOGBLvW,12.94356659675557,77.66058349336019,0
toCoOFODdmbHgfc,12.862466072864017,77.55013449083023,0
GkvhVVQOhHAWOYI,12.94694842735018,77.44984415492381,0
JAgUUKvOeFAIwkL,13.061956644324306,77.59889626418727,0
vMAkTaNyHJYNGH,12.870746033571224,77.72213418000469,1
vMAkTaNyHJYNGHC,12.869964841704086,77.7230912972445,1
zQDEiRPPYHPLkCF,12.930687067906556,77.5088952271651,0
HxJLFSQVRESahX,13.035903583140607,77.71012974855256,1
HxJLFSQVRESgahX,13.035409787578333,77.71105495985886,1
QRdSjPEcodYZOSA,12.855535969931744,77.51418371295922,0
ePBjaDUuGtuymix,12.870546475860277,77.54738780166254,0
VrfRpuzBUMDxjnup,12.995674163579396,77.59376400037469,1
VrfRpuzBUMDxjnu,12.99588543769757,77.59440726788323,1
HdsBGVIyzmyihid,13.021314976138989,77.53577013468826,0
pZcqIDthfrTpuMt,13.015933447505388,77.62799467817078,0
JrYsUgGRlzTsFe,13.007480941056537,77.67148347202631,1
JrYsUgGRlzTsFce,13.008021904528904,77.67170393913013,1
QIyctAitfynjKqa,12.874979293975446,77.66783600030254,0
LOVXZvPunnsecxB,12.868221071916713,77.58416432645335,0
DcAaqVlHyDEuCKs,12.880396291113028,77.45121743495274,0
OQkvUvgkwFPXvhK,12.85591430238011,77.71039881359036,0
eiqECNBhHmLHJcM,13.093770347867649,77.50593097170166,0
riyhEsRnFpJpVTb,12.948638283550062,77.46252111466987,0
jtkFucyInjewkKF,12.911759560963208,77.45624251243045,0
QVACCtccNXqVwNr,13.01791122912842,77.61585558774735,0
hQemnWszjIjnIgO,12.881321635070416,77.70880817173034,0
rqWJqwaVxtmPPvC,13.055495301575062,77.6106344366093,0
RYdwfHZlXTMLBpu,12.916263290391162,77.72086868101947,0
BwwVdvPCAvhBcqX,13.082825277820712,77.70338029093793,0
KqxWWVadVBWNzOh,12.897034443340855,77.48458598545194,0
WDBXDiGNkfGQDJG,13.095377759570995,77.52568780305556,0
EjlmwpMIQNBUuuD,13.066379565761697,77.60393903156255,0
txDIoThfwSkilAe,12.96074605675284,77.58380328585513,0
HhwoXuhbFEDXuZ,12.99526078715054,77.53836273885835,1
HhwoXuJhbFEDXuZ,12.99517508489142,77.53857617814393,1
hyiTqGdshNmmqOX,12.885940122611084,77.47452673674854,0
FOOwqeEnfLGROlX,12.888287084414948,77.7260082201962,0
ehmhaOaBKynlevE,13.008885657806378,77.54629339352971,0
NuTTnVbCnAFtkQ,12.867388409242098,77.6315959761682,1
NuTTnVbCsnAFtkQ,12.86677553035464,77.63231212551842,1
kEWaFsCFdmlkkmf,13.084768949150924,77.46654351077206,0
hoRurjUtRSFqVqH,12.863146803204929,77.64140005690054,0
ckGdVLRrGSKEkCr,12.894254751774112,77.50131758180034,0
SLBxdnPXZhVVbc,12.943022080936917,77.45695599051528,1
SLBxdnPXZhCVVbc,12.942079549704088,77.45619683307568,1
QQwiMBOsXKjKkD,12.859610695224015,77.67429463794004,1
QQwiMBOsXKjKkDR,12.858662632806102,77.67339576992164,1
KPNszYLaOUtlfDW,13.028452798344578,77.73163620832652,0
OpjtOxeekjSGWME,12.887526074373737,77.63141427060351,0
fvKXyyJrqHiURP,12.888521714524977,77.54724393674952,1
fhvKXyyJrqHiURP,12.889311956985456,77.54723408880979,1
QfoPbXPXvBDQyje,13.063930277102386,77.5355790905005,0
LVlSBNxEERIFHbMa,12.917660158196009,77.52775863927067,1
LVlSBNxEERIFHbM,12.916683591993335,77.52818599842746,1
GjnJbQtfRFTZftvl,12.914483096367908,77.56266521562083,1
GjnJbQtfRFTZftv,12.91465789276929,77.56214560286442,1
pqxDWIePiDUCOpVT,12.9134499966782,77.49425564095128,1
pqxDWIePiDUCOpV,12.913487579037568,77.49459993934184,1
RAdodbtcopxMdhc,13.056880015136995,77.6021259374851,0
YDfrDaRrRjNDVXb,13.0172786447053,77.74043613313135,0
cxSMhTDnkikDYmB,12.852908436306466,77.67624931999303,0
sBekKTEtiVjJmwkK,13.052995157644348,77.64586014505738,1
sBekKTEtiVjJmwk,13.053514960017758,77.64509554746418,1
LzmCQYJbzjdynny,12.900079192112557,77.74021021144912,0
qGhHAimoGFrGUOu,12.96243256799746,77.53432783805916,0
mzyXaIDiahUBmlll,13.082962200565095,77.55984612679788,1
mzyXaIDiahUBmll,13.08359705599434,77.55903282446408,1
PQZGDqElFZjNYQE,13.076183723234172,77.46145851208688,0
puOQmLhHLiEOvB,13.02301250806919,77.5179264934555,1
jpuOQmLhHLiEOvB,13.022680920681143,77.51758777084792,1
qoiLyJBHIgAXOc,12.969776324536449,77.50490134997185,1
qoiVLyJBHIgAXOc,12.969820776953524,77.50550459202441,1
HmqofMelkAMeVZ,13.030698783040586,77.5251860863953,1
HmqofMelkAMeVVZ,13.03125992834487,77.5258723139447,1
XbhGTlkcGEJhXqB,12.9634338691086,77.47156011390348,0
VUUmoEigVovEGDt,13.05297242842624,77.59796092440791,0
amEMoWjVfqktnHF,12.907841974143064,77.53276297434002,0
MaphqzNHZkZerwg,12.881875851309378,77.65965715738675,0
CTzqBENdvuNxlNi,12.921195092176728,77.55063664217268,0
qjTnVtTxUoYoREKH,13.070185796203075,77.55014854117415,1
qjTnVtTxUoYoREK,13.069653301674771,77.54966477696242,1
HlSyHmksRgJpAOp,13.013649115775346,77.51061338158722,0
lUDSOlVnQFyLLnJ,12.876706039324644,77.48142202112041,0
qZcJaoNCkccwFU,13.039263757529978,77.63558529107847,1
qZcJaWoNCkccwFU,13.039489858768896,77.63512626782111,1
kewcosmbRTHHBCS,13.07089751239026,77.5787595633905,0
opYpQLMQgFVIzakR,13.027626289132067,77.55944800282654,1
opYpQLMQgFVIzak,13.026909076832307,77.5599178698305,1
nlBoAQmMrAdOyim,12.90982230186449,77.44523921555727,0
aYIIOZNqNtyvbJo,12.880358515413276,77.69888739611405,0
XpaBaZBPWxTwlyd,12.86222774796703,77.610403235519,0
srdxilrqHVUKLOO,12.96306183614274,77.58648940696605,0
RTEMZabMFvPYMnR,12.87395544545026,77.59379577209491,0
yiyLnTQVVsJhVbS,13.013896702358206,77.63215694540018,0
rKZaoYPyYqmScAc,13.08854995371599,77.70692737879027,0
JKPBIFgeyripHYW,12.971139298088309,77.57592352157613,0
eJcqbZhBcksxytf,13.082950483299843,77.52882039394554,0
caNSZpoqqkrLcmd,12.876317834014325,77.5264960662646,0
mWESAXnPmfyneRx,13.01995455179745,77.59448726319341,0
NKaTyQNjoRAszyG,12.92812122910478,77.49229382417745,0
kggGpPNiXIPDuqs,12.91860492144434,77.59143186437421,0
JxvnSpmsVoAJFF,12.968373450448391,77.53820513056668,1
JxmvnSpmsVoAJFF,12.968109465063971,77.53904928659495,1
iwLDxSUqeHQMbPc,12.937181004856129,77.66867282869529,0
aNXhldbfkuhEAiY,12.981047609651414,77.70846955745724,0
cATceyPXUpHYsMK,12.935193277979351,77.48953657658932,0
iYOQOntLdIiUJWwW,12.875022467980722,77.52545080727535,1
iYOQOntLdIiUJWw,12.874325396181636,77.5262908811676,1
SkZYKkUsNEzIWm,12.954494024386385,77.58831543980116,1
SkZYKkUesNEzIWm,12.95489063925341,77.58775992721449,1
eeKnmeTTcRvKIbZ,12.884127831574112,77.46310344154976,0
umhNiUbjXbBBBUn,12.898079453335855,77.4838880487308,0
OwBZhFTwHEfwLkU,13.078942867161414,77.58206643603079,0
xoEdnZUApqbEnAP,12.974120367454445,77.68116826265826,0
dGdWIMrVPnswAZPp,13.05054485784662,77.68695155813991,1
dGdWIMrVPnswAZP,13.049900430849142,77.68646569364455,1
sKElwdLVnLwjhZEh,12.915839965080629,77.63370275563237,1
sKElwdLVnLwjhZE,12.916718300137974,77.63381620817631,1
uKJSgCZfSmCxBwW,12.94809325700868,77.73842332758535,0
HwhJHRrPLnyiasR,13.042911388783333,77.69743170821815,0
QaPDKrhDoxMXILZ,12.93352570001866,77.69619617135538,0
UiCTxOPUOjKDzVSv,13.01494697343566,77.50736766689651,1
UiCTxOPUOjKDzVS,13.015815311157189,77.5064565813964,1
hLnBfqHPAJEpCVh,12.89648846608254,77.57555168586273,0
CzxesbMKSwUAcTO,13.012203608456844,77.5859674457196,0
MSxAtSIqkPqiEcb,12.921406660646756,77.5158675453152,0
OJwJHYKMIkrlUco,12.874103760492408,77.69104626880211,0
SWhmohQDzIXeGaX,13.058631775055336,77.63539656240542,0
GiZPUJwFzszBmxI,12.93519559622998,77.5733828359181,0
IytuRjvmrUlilCC,12.9053709013824,77.48309378391293,0
yjYvGBpjQeYtOtI,12.94168384868758,77.4784145832288,0
fqsyMInuQxDnyUt,13.068019303253951,77.53191217647553,0
rEibECARVGevGzo,12.951824291148933,77.70715730128732,0
HbfEsOaECdmcdsU,12.988289906094227,77.48787863569225,0
RSNgWdukaOnqhNI,13.024531897555562,77.66613514789647,0
AljOKMHcNDHLPPT,12.862928528871144,77.51977338972041,0
diyxuraMFIbQubL,12.899886625711776,77.44717959254592,0
KZOuWKDniFQPyYGN,12.941523613066405,77.45155166101104,1
KZOuWKDniFQPyYG,12.942005489949864,77.45136624401472,1
ZJrxkcjMcHsqaBH,12.94233720582796,77.47907660843451,0
DliYnoziYgRbMm,12.85895701233096,77.67396635346466,1
DliYnoziYTgRbMm,12.859472230122783,77.67395942288005,1
SEndJOAxuyEYlGik,13.090869584462109,77.5373242716602,1
SEndJOAxuyEYlGi,13.091157685371856,77.53718908778134,1
UswyRHeeYaRwPjR,12.881821861723012,77.47168561626911,0
lPdNkrwXcxueHGm,12.886556929433434,77.56512637171772,0
LYRpSqZaNeojwqr,13.088977655102015,77.4615381806608,0
nUZHDwNStxYzQRu,12.90958777032096,77.61801624175709,0
JPgslMgZSqSLIdY,13.060722318683473,77.5233090242738,0
fryPzVNafrjMFuq,13.060574863983623,77.58835575895068,0
RBTIJNOZgsRcAhe,13.026019229076118,77.71638355412193,0
EwlNaEFAdiSMJje,12.97245002686163,77.66982681650346,0
UBGnVhraXjyRTlR,12.878346241296615,77.67102987648013,0
DbFVdczFEopkSfD,12.91560595825021,77.6165691741362,0
zdMzGAUJNExgYJC,12.878816800086543,77.71913278389493,0
yFfWwKdQXlTtQDk,13.02774936510649,77.7060164001097,0
JjsFDeoQFFdVsZu,13.044500368203822,77.5938704159162,0
ythhpBuudzCMURc,12.914216505909424,77.62819973152607,0
ZrjgfHZsEwmxnhX,13.096305740495149,77.68423578997513,0
aIBdBmtMPPZRDAE,13.004215596311791,77.66020901381988,0
RdVjNqLLaWjSbtNd,12.916218988613483,77.66754385117903,1
RdVjNqLLaWjSbtN,12.916679531920462,77.66754685149168,1
ygpmDkQStSbghGX,12.941009786658087,77.47467715337534,0
IyFsCZdFdXivDng,12.981534015117552,77.71547406500122,0
rDzqEidMnAcCkkU,12.959385412233551,77.59654895539593,0
znmAfCFhToxyjRZ,12.945737090241913,77.50693846976249,0
XvaUqLUlLlsxlxc,12.966732446715817,77.53907914868871,0
KzIfvPTxurZZysCi,12.882783979777576,77.48912685451123,1
KzIfvPTxurZZysC,12.88192155926852,77.48948074725351,1
CHYfnHsXRAOeoAU,12.944469726759223,77.58233925889236,0
rObzulJNhfFPric,12.964731841632938,77.61081533700123,0
ggodkJXeCoMqgPh,12.897271959468991,77.45852131221062,0
MjeSyJGUguGuBfc,12.94391415224903,77.45699585281979,0
IGHYNOxjqaTzdMJ,12.956704193714216,77.47596365023664,0
XTTWDYoTgeyLIZL,12.978335764074185,77.45738468224981,0
mjQpnXNJEkrgjFj,12.956677018810922,77.70211039508187,0
JjxehSLQrTtpdTfL,13.033662665776715,77.6865224622835,1
JjxehSLQrTtpdTf,13.033269777021284,77.68666332957568,1
kxFfRCndxbkgRy,12.853558016708522,77.66038369359806,1
kxFfGRCndxbkgRy,12.853649473284865,77.66079930279753,1
VIFKtwKZJtVEbGK,12.959102085448682,77.47191431612048,0
VojyDDmVUACUpgn,12.860745470551766,77.6385163468909,0
XWhuUncPaQxFZJ,13.012935653965982,77.61792260734282,1
XWhuUncPaQDxFZJ,13.012127003201275,77.61696465653306,1
eGMxPXNRMgQrMvt,12.927272072784127,77.64493020641251,0
ihozRPxDPkcHLPx,13.049808922139269,77.55039355792675,0
ShcayepooKtuENXF,12.954072492019428,77.56996961254016,1
ShcayepooKtuENX,12.955016172298505,77.5706376341551,1
VbyvMtliYFNYdIu,12.958023315022237,77.5705135875664,0
ULUlaMQoAVELdxY,12.855558640591404,77.5090166120401,0
osoQUBueAWYyKBt,12.992761247584031,77.58585884010778,0
hlEGlIKTvkTMPZB,13.03974835759452,77.52923722415723,0
LXbgiidijXByDoE,12.954625570568588,77.64403001159559,0
phaSXRCBVGpJuiv,12.89704037659124,77.64719660651254,0
zJCCOqxTgTiQvuR,12.95240493384626,77.6857750291719,0
yDnETDTcakXPjR,12.866123354793952,77.64652201138601,1
yDnETDTFcakXPjR,12.865852808112011,77.64573567673995,1
EFrEJMUTPgLZPiN,13.02110412233086,77.6220115676078,0
HVHETwdOdxbPXgG,13.080085912292208,77.52083916260007,0
EqNWQDRDptWLbnJ,12.970295622901157,77.54817148173414,0
wIyHIUaxZOopVnH,12.931265005615025,77.73187472817743,0
